Product Name,Price,Image URL,Brand
Black Lava Rock, Onyx & Coconut Bracelet Set,$23.1,https://eu-images.contentstack.com/v3/assets/blt7dcd2cfbc90d45de/blt4f21efff1c790e7e/60dba2da467112384c7b46d8/black-on-black-bracelet-set.jpg?format=pjpg&auto=webp&quality=75%2C90&width=800,Lucleon
Icon | Black Leather, Onyx & Tiger's Eye Double Bracelet,$41.3,https://eu-images.contentstack.com/v3/assets/blt7dcd2cfbc90d45de/blt25d5cf8e3b62b240/60dc0f38c5c41538a1558c47/20315.jpg?format=pjpg&auto=webp&quality=75%2C90&width=800,Lucleon
Icon | Black Leather & Silver-Tone Stainless Steel Bracelet,$41.3,https://eu-images.contentstack.com/v3/assets/blt7dcd2cfbc90d45de/blt454db6faf33a6a7e/60dc10572e95e10f21f2c2a4/20255.jpg?format=pjpg&auto=webp&quality=75%2C90&width=800,Lucleon
Miro | Black Lava Rock, Coconut & Tiger's Eye Bracelet Set,$23.1,https://eu-images.contentstack.com/v3/assets/blt7dcd2cfbc90d45de/blt53ce1aa626ef0f8a/60dbb3eda37ada0f2ccf9d57/7-1_356.jpg?format=pjpg&auto=webp&quality=75%2C90&width=800,Lucleon
8mm Silver-Tone Stainless Steel Curb Chain Bracelet,$30.8,https://eu-images.contentstack.com/v3/assets/blt7dcd2cfbc90d45de/blt850b15718be6eb13/60dbcb7793730d0ef6fc0cc3/s-br-8mm_1_3.jpg?format=pjpg&auto=webp&quality=75%2C90&width=800,Lucleon
Black & Natural Wooden Bracelet Set,$23.1,https://eu-images.contentstack.com/v3/assets/blt7dcd2cfbc90d45de/blt0815aefa741d41f8/60dba28d8491e60f790bc97b/impeccable_1.jpg?format=pjpg&auto=webp&quality=75%2C90&width=800,Lucleon
2mm Black Stainless Steel Curb Chain Bracelet,$23.1,https://eu-images.contentstack.com/v3/assets/blt7dcd2cfbc90d45de/blt1fcd6b4d2b92db76/60dc2741bcc58b0f8f8ac316/6-1_434422e4933471b99adbe2bea3ba9b0f_3.jpg?format=pjpg&auto=webp&quality=75%2C90&width=800,Lucleon
Wrap-around Brown Leather Adjustable Bracelet,$15.4,https://eu-images.contentstack.com/v3/assets/blt7dcd2cfbc90d45de/bltf3005cc91f14b5b2/60dba19776a3de39ad15b9c0/brunt-justerbart-snoet-laderarmband.jpg?format=pjpg&auto=webp&quality=75%2C90&width=800,Collin Rowe
Roy | All Black Leather & Stainless Steel Wrap Bracelet,$34.3,https://eu-images.contentstack.com/v3/assets/blt7dcd2cfbc90d45de/blt141816de075d7712/60dbb8dfa7307e39e4df1f7f/5-2_297.jpg?format=pjpg&auto=webp&quality=75%2C90&width=800,Lucleon
Miro | Black Lava Rock & Blue Agate Bracelet Set,$23.1,https://eu-images.contentstack.com/v3/assets/blt7dcd2cfbc90d45de/blt80cf839321990707/60dbb769a37ada0f2ccfaa9f/3-1_135_1_45_1_57_1_190.jpg?format=pjpg&auto=webp&quality=75%2C90&width=800,Lucleon
Red, Brown & Black With Wood, Coconut & Cotton Bracelet Set,$21,https://eu-images.contentstack.com/v3/assets/blt7dcd2cfbc90d45de/blt3964548cbc3bd557/60db9cf73388dd0edc09edc6/br62-1.jpg?format=pjpg&auto=webp&quality=75%2C90&width=800,Lucleon
Roy | Black & Brown Leather & Stainless Steel Wrap Bracelet,$34.3,https://eu-images.contentstack.com/v3/assets/blt7dcd2cfbc90d45de/bltb2d9c0d211403423/60dbb43d467112384c7b871a/12-2_199.jpg?format=pjpg&auto=webp&quality=75%2C90&width=800,Lucleon
Icon | All Black Leather & Stainless Steel Bracelet,$41.3,https://eu-images.contentstack.com/v3/assets/blt7dcd2cfbc90d45de/blt668d70a521f7a7e2/60dc0cd4f1ff900f4d411270/20261.jpg?format=pjpg&auto=webp&quality=75%2C90&width=800,Lucleon
Roy | Black Leather & Stainless Steel Wrap Bracelet,$34.3,https://eu-images.contentstack.com/v3/assets/blt7dcd2cfbc90d45de/bltf9fe44357c1dd68c/60dbbefa63584e0ecae4742f/1-2_121_1_172_1_101_3_40.jpg?format=pjpg&auto=webp&quality=75%2C90&width=800,Lucleon
All Black Braided Leather & Stainless Steel Bracelet,$38.5,https://eu-images.contentstack.com/v3/assets/blt7dcd2cfbc90d45de/blt50647565aec87792/60dbadcaed93bb0fb199b8a4/10-4_46.jpg?format=pjpg&auto=webp&quality=75%2C90&width=800,Lucleon
Black & Brown Braided Nylon Bracelet Set,$16.8,https://eu-images.contentstack.com/v3/assets/blt7dcd2cfbc90d45de/blt15e5e0105d0e2e54/60dc0c5d5543520fcbc3d3b2/12-22c2869f74f68d3218e116789f53af95a.jpg?format=pjpg&auto=webp&quality=75%2C90&width=800,Waykins
8mm Black Stainless Steel Curb Chain Bracelet,$30.8,https://eu-images.contentstack.com/v3/assets/blt7dcd2cfbc90d45de/bltc8c508a9af184e40/60dbbb6ea37ada0f2ccfb9ef/b-br-8mm_1_2.jpg?format=pjpg&auto=webp&quality=75%2C90&width=800,Lucleon
4mm Black Stainless Steel Curb Chain Bracelet,$23.1,https://eu-images.contentstack.com/v3/assets/blt7dcd2cfbc90d45de/blt5d1f8bdb29162c99/60dc2afa90ef0d39a20025a5/3-1_2d5baf56fabe36f420a22c932cfca701_3.jpg?format=pjpg&auto=webp&quality=75%2C90&width=800,Lucleon
Miro | Black Lava Rock & Natural Stone Bracelet Set,$23.1,https://eu-images.contentstack.com/v3/assets/blt7dcd2cfbc90d45de/bltac32b80b585052cd/6156cce42e35f3558b362d95/11miiiro.jpg?format=pjpg&auto=webp&quality=75%2C90&width=800,Lucleon
2mm Silver-Tone Stainless Steel Curb Chain Bracelet,$23.1,https://eu-images.contentstack.com/v3/assets/blt7dcd2cfbc90d45de/blt4b366e553d4736f0/60dc298b3388dd0edc0bf34a/5-1.7a0b90a447207b0910769198733a4263_3.jpg?format=pjpg&auto=webp&quality=75%2C90&width=800,Lucleon
6mm Silver-Tone Stainless Steel Curb Chain Bracelet,$26.6,N/A,Lucleon
Black Braided Leather Cord Bracelet,$30.8,N/A,Lucleon
Icon | Gold-Tone & Black Leather Cord Bracelet,$34.3,N/A,Lucleon
Collins | 3mm Rusty Brown Woven Leather Wrap Bracelet,$41.3,N/A,Lucleon
Light Brown & Black Braided Leather Cord Bracelet,$30.8,N/A,Lucleon
Yellow, Red & Blue Braided Yarn Bracelet Set,$13.3,N/A,Waykins
Adjustable Black Nylon Lucky Knot Bracelet,$13.3,N/A,Waykins
Naxos | Black Braided Leather & Snowflake Obsidian Bracelet,$34.3,N/A,Lucleon
Black Onyx & Pear Tree Wooden Bracelet Set,$21,N/A,Lucleon
Thin Black Stainless Steel Cuff Bracelet,$21,N/A,Lucleon
Adjustable Multicolour Nylon Bracelet Set,$15.4,N/A,Waykins
Icon | Black Leather & Grey Jasper Double Bracelet,$41.3,N/A,Lucleon
10mm Black Stainless Steel Curb Chain Bracelet,$30.8,N/A,Lucleon
Roy | Dark & Black Leather & Steel Single Strap Bracelet,$30.8,N/A,Lucleon
Bolo | Blue Leather Rope & Stainless Steel Bracelet,$30.8,N/A,Lucleon
Miro | Black Lava Rock, Wooden & Coconut Bracelet Set,$23.1,N/A,Lucleon
Naxos | Black Braided Leather & Blue Lapis Lazuli Bracelet,$34.3,N/A,Lucleon
Adjustable Red Nylon Lucky Knot Bracelet,$13.3,N/A,Waykins
Black Onyx & Stainless Steel Bracelet,$23.1,N/A,Lucleon
Icon | Black & Silver-Tone Leather Cord Bracelet,$34.3,N/A,Lucleon
Polished Black Onyx Bead Bracelet,$16.8,N/A,Neshraw
Black Lava Rock & Agate Pearl Bracelet Set,$16.8,N/A,Fort Tempus
Adjustable Blue Nylon Lucky Knot Bracelet,$13.3,N/A,Waykins
Brown Braided Leather & Stainless Steel Bracelet,$34.3,N/A,Lucleon
Collins | 6mm Brown & Black Woven Leather Bracelet,$30.8,N/A,Lucleon
Red Tiger's Eye & Stainless Steel Bracelet,$23.1,N/A,Lucleon
Naxos | Black Braided Leather & Picasso Stone Bracelet,$34.3,N/A,Lucleon
Roy | Black & Red Leather & Stainless Steel Wrap Bracelet,$34.3,N/A,Lucleon
Collins | 3mm Brown Woven Leather Wrap Bracelet,$30.8,N/A,Lucleon
Black, Green & Natural-Tone Coconut Bead Surfer Bracelet Set,$16.8,N/A,Lucleon
Black Beads, Tiger's Eye, Yarn & Leather Bracelet Set,$15.4,N/A,Waykins
Icon | Brown & Black Leather Cord Bracelet,$34.3,N/A,Lucleon
Emerald Green Agate Bracelet,$23.1,N/A,Lucleon
Roy | Black & Blue Leather Cord Wrap Bracelet,$34.3,N/A,Lucleon
Tiger's Eye Bracelet,$21,N/A,Lucleon
Collins | 3mm Brown Woven Leather Bracelet,$23.1,N/A,Lucleon
Green & Blue Braided Nylon Bracelet Set,$16.8,N/A,Waykins
Black & Grey Braided Nylon Bracelet Set,$16.8,N/A,Waykins
Adjustable Grey Nylon Lucky Knot Bracelet,$13.3,N/A,Waykins
Arie | Polished Silver-Tone Stainless Steel Bangle Bracelet,$41.3,N/A,Lucleon
Icon | Black Leather & Lava Rock Double Bracelet,$41.3,N/A,Lucleon
Thin Silver-Tone Stainless Steel Cuff Bracelet,$21,N/A,Lucleon
10mm Silver-Tone Stainless Steel Curb Chain Bracelet,$30.8,N/A,Lucleon
White Turquoise & Stainless Steel Bracelet,$23.1,N/A,Lucleon
Golden Brown Leather Cuff Bracelet,$21,N/A,Collin Rowe
Roy Bracelet Extenders in Black Stainless Steel,$5.6,N/A,Lucleon
10mm Gold-Tone Stainless Steel ID Bracelet,$30.8,N/A,Fort Tempus
Black, Brown & Cream Natural Wooden Bracelet Set,$15.4,N/A,Collin Rowe
Collins | 6mm Black Woven Leather Wrap Bracelet,$30.8,N/A,Lucleon
Icon | Natural Wood Bead & Vintage Brown Leather Bracelet,$41.3,N/A,Lucleon
Wave  | Silver-Tone Light Grey and Wooden Bracelet Set,$17.5,N/A,Waykins
Roy | Black & Yellow Leather & Stainless Steel Wrap Bracelet,$34.3,N/A,Lucleon
Black Lava Rock & Natural Wooden Bracelet Set,$21,N/A,Lucleon
Black & Natural Stone & Braided White Cotton Bracelet Set,$23.1,N/A,Lucleon
"Essentials | 1/32"" (1 mm) Gunmetal Black Rectangular Box Chain Bracelet,$23.1,N/A,Lucleon"
Unity | Onyx Cross Bracelet,$41.3,N/A,Arkai
"Collins | 1/8"" (3 mm) Red Woven Leather Bracelet,$30.8,N/A,Lucleon"
Nomen | Brown Leather and Gold-tone ID Plate Bracelet,$45.5,N/A,Lucleon
Bolo | Brown Leather Rope & Stainless Steel Bracelet,$30.8,N/A,Lucleon
Rico | All Black Lava Rock & Onyx Skull Bracelet Set,$87.5,N/A,Arkai
Sanatio | 8mm Black & Blue Lava Rock, Onyx & Sodalite Bracelet,$48.3,N/A,Arkai
Sanatio | 6mm Black Lava Rock & Amethyst Bracelet,$48.3,N/A,Arkai
Naxos | Black Braided Leather & Jasper Bead Bracelet,$34.3,N/A,Lucleon
Amager | 10mm Gunmetal Stainless Steel Rope Chain Bracelet,$48.3,N/A,Lucleon
Amager | Gold-Tone Cable Chain Bracelet,$41.3,N/A,Lucleon
12mm Black Stainless Steel Curb Chain Bracelet,$30.8,N/A,Lucleon
Miro | Black, Natural & White Coconut Bracelet Set,$23.1,N/A,Lucleon
Miro | Natural-Tone Wooden & Coconut Bracelet Set,$23.1,N/A,Lucleon
Black & Silver-Tone Anchor Bracelet,$15.4,N/A,Tailor Toki
Collins | 3mm Black Woven Leather Bracelet,$23.1,N/A,Lucleon
Naxos | Black Braided Leather & Red Tiger's Eye Bracelet,$34.3,N/A,Lucleon
Turquoise Natural Stone Bracelet,$23.1,N/A,Lucleon
Silver-Tone Stainless Steel Cuff Bracelet,$17.5,N/A,Lucleon
Black Leather & Yellow Tiger's Eye Double Bracelet,$41.3,N/A,Lucleon
Black Wood Bead Bracelet Sets,$11.2,N/A,Collin Rowe
Brown Wooden Wrap Bracelet,$17.5,N/A,Lucleon
Collins | 6mm Brown Woven Leather Wrap Around Bracelet,$30.8,N/A,Lucleon
Collins | 3mm Black Woven Leather Wrap Bracelet,$30.8,N/A,Lucleon
Naxos | Black Braided Leather & Red Imperial Jasper Bracelet,$34.3,N/A,Lucleon
Naxos | Black Braided Leather & Frosted Black Agate Bracelet,$34.3,N/A,Lucleon
Naxos | Black Braided Leather & Black Agate Bracelet,$34.3,N/A,Lucleon
Naxos | Black Braided Leather & Lava Rock Bracelet,$34.3,N/A,Lucleon
2mm Gold-Tone Stainless Steel Curb Chain Bracelet,$23.1,N/A,Lucleon
Black Stainless Steel Cuff Bracelet,$17.5,N/A,Lucleon
Roy Bracelet Extenders in Silver-Tone Stainless Steel,$5.6,N/A,Lucleon
12mm Silver-Tone Stainless Steel Curb Chain Bracelet,$30.8,N/A,Lucleon
Icon | Wooden Bead & Black Leather Cord Bracelet,$41.3,N/A,Lucleon
"1/4"" (6 mm) Gold-Tone Stainless Steel Curb Chain Bracelet,$30.8,N/A,Lucleon"
6mm Black Stainless Steel Curb Chain Bracelet,$30.8,N/A,Lucleon
Brown Braided Leather & Stainless Steel Bracelet,$38.5,N/A,Lucleon
Matte Black Stone & Braided Leather Band Bracelet Set,$30.8,N/A,Neshraw
Black & White Agate & Leather Cord Bracelet Set,$34.3,N/A,Neshraw
Brown Leather & Stainless Steel Braided Bracelet,$30.8,N/A,Lucleon
Brown Wood Bead Bracelet Sets,$11.2,N/A,Collin Rowe
Red Tiger's Eye & Black Lava Rock & Leather Cord Bracelet Set,$30.8,N/A,Lucleon
Bolo | Double Black Leather Cord Bracelet,$30.8,N/A,Fort Tempus
Gladius | Brown Full Grain Buffalo Leather Wrap-around Bracelet,$23.1,N/A,Lucleon
Gladius | Black Full Grain Buffalo Leather Wrap-around Bracelet,$23.1,N/A,Lucleon
Brown Braided Leather Bracelet,$34.3,N/A,Lucleon
Black Braided Leather Bracelet,$34.3,N/A,Lucleon
Braided Black Stainless Steel Cross Bracelet,$41.3,N/A,Lucleon
Black Braided Silver-Tone Stainless Steel Cross Bracelet,$41.3,N/A,Lucleon
"Collins | 1/8"" (3 mm) Red Woven Leather Wrap Bracelet,$30.8,N/A,Lucleon"
"Collins | 1/8"" (3 mm) Navy Blue Woven Leather Bracelet,$30.8,N/A,Lucleon"
"Collins | 1/4"" (6 mm) Red Leather Wrap Around Bracelet,$30.8,N/A,Lucleon"
Nomen | Triple Gold-tone and Brown Leather Bolo Weave ID Bracelet,$52.5,N/A,Lucleon
Black Pure Magnetic Titanium Bracelet,$52.5,N/A,Lucleon
"1/8"" (3 mm) Silver-Tone Chain Bracelet,$23.1,N/A,Lucleon"
Atlas | Silver-tone Stainless Steel North Star Charm Bracelet,$48.3,N/A,Arkai
Atlas | Silver-tone Stainless Steel North Star Bracelet,$41.3,N/A,Arkai
Collins | Simple Brown Leather Wrap Around Cord Bracelet,$30.8,N/A,Lucleon
Brown, Beige & Black Wood Bead Bracelet,$11.2,N/A,Collin Rowe
Arie | Silver-Tone Stainless Steel Rope Texture Bangle Bracelet,$45.5,N/A,Lucleon
Vasilios | Dark Grey & Black Hematite Stone Bracelet,$34.3,N/A,Lucleon
Ankh | Brown Leather & Wooden Bracelet Set,$52.5,N/A,Lucleon
Sanatio | Black Lava Rock & Tiger's Eye Double Bracelet,$52.5,N/A,Arkai
Naxos | Black Braided Leather & Unakite Bead Bracelet,$34.3,N/A,Lucleon
Amager | Gunmetal Stainless Steel Cable Chain Bracelet,$41.3,N/A,Lucleon
Red & Grey Braided Nylon Bracelet Set,$16.8,N/A,Waykins
Matte Black Onyx & Stainless Steel ID Bracelet,$30.8,N/A,Lucleon
Black Onyx, Lapis Lazuli & Tiger's Eye Bracelet,$38.5,N/A,Arkai
Roas | Grey Jasper & Rose Gold-Tone Bracelet,$34.3,N/A,Arkai
Icon | Black Leather & Green Stone Double Bracelet,$41.3,N/A,Lucleon
Miro | Black Lava Rock & Multicolour Natural Stone Bracelet,$23.1,N/A,Lucleon
Miro | Natural-Tone Bamboo & Coconut Bracelet Set,$23.1,N/A,Lucleon
Roy | Black & Dark Leather & Steel Single Strap Bracelet,$34.3,N/A,Lucleon
Roy | Black & Dark Leather & Stainless Steel Double Strap Bracelet,$34.3,N/A,Lucleon
Rustic Stainless Steel Double Curb Chain Bracelet,$52.5,N/A,Fort Tempus
Black Waxed Cotton & Silver Bracelet,$45.5,N/A,Lucleon
Grey Waxed Cotton & Silver Bracelet,$48.3,N/A,Lucleon
Navy Blue & Silver-Tone Anchor Bracelet,$15.4,N/A,Tailor Toki
White Turquoise, Blue Lapis Lazuli & Black Zirconia Bracelet,$21,N/A,Neshraw
Black Lava Rock & Alabaster Bracelet,$23.1,N/A,Neshraw
Tan & Black Braided Leather Cord Bracelet,$30.8,N/A,Lucleon
Stainless Steel Band Bracelet,$26.6,N/A,Fort Tempus
Cobalt Blue & Gold-Tone Fish Hook Bracelet,$16.8,N/A,Tailor Toki
Naxos | Black Braided Leather & Turquoise Imperial Jasper Bracelet,$34.3,N/A,Lucleon
Black Leather Adjustable Wide Wrap Cuff Bracelet,$16.8,N/A,Collin Rowe
"Collins | 1/3"" (8 mm) Black Woven Leather Bracelet,$30.8,N/A,Lucleon"
"Collins | 1/4"" (6 mm) Navy Blue Leather Wrap Around Bracelet,$30.8,N/A,Lucleon"
Amager | Silver-Tone Zirconia Stainless Steel Chain Bracelet,$34.3,N/A,Lucleon
Grey & Black Braided Leather Cord Bracelet,$30.8,N/A,Lucleon
Collins | Simple Black Leather Wrap Around Cord Bracelet,$30.8,N/A,Lucleon
Naxos | Black Braided Leather & Green Tiger's Eye Bracelet,$34.3,N/A,Lucleon
Rico | Silver-Tone Stainless Steel Skull Bracelet,$41.3,N/A,Arkai
Black Lava Rock & Multicolour Natural Stone Bracelet,$21,N/A,Lucleon
8mm Gold-Tone Stainless Steel Curb Chain Bracelet,$30.8,N/A,Lucleon
Miro | Black Lava Rock & Red Tiger's Eye Bracelet Set,$23.1,N/A,Lucleon
Slim Black Titanium Link Chain Bracelet,$30.8,N/A,Lucleon
Basic 5mm Stainless Steel Chain Bracelet,$25.9,N/A,Fort Tempus
Black Lava Rock, Natural Stone & Leather Bracelet Set,$30.8,N/A,Lucleon
Blue Agate & Leather Cord Bracelet Set,$41.3,N/A,Neshraw
Violet Natural Stone & Black Leather Bracelet Set,$41.3,N/A,Neshraw
Blue & Black Natural Stone & Leather Bracelet Set,$41.3,N/A,Neshraw
Green & Tan Paracord Bracelet,$15.4,N/A,Tailor Toki
Black Paracord Firestarter Bracelet,$18.9,N/A,Tailor Toki
Black Paracord Bracelet,$15.4,N/A,Tailor Toki
Black Paracord & Metal Lock Bracelet,$15.4,N/A,Tailor Toki
Black Rubber & Stainless Steel Cross Bracelet,$18.9,N/A,Fort Tempus
Argentia | 925s | 7 mm Rhodium-Plated Sterling Silver ID Bracelet,$80.5,N/A,Seizmont
Black & Natural Wooden & Cotton Bracelet Set,$17.5,N/A,Lucleon
"Essentials | 1/8"" (3 mm) Gunmetal Black Rectangular Box Chain Bracelet,$28,N/A,Lucleon"
"Essentials | 1/32"" (1 mm) Silver-Tone Rectangular Box Chain Bracelet,$23.1,N/A,Lucleon"
Wrap-around Blue Leather Adjustable Bracelet,$15.4,N/A,Collin Rowe
"Essentials | 1/5"" (4 mm) Silver-Tone Rope Chain Bracelet,$26.6,N/A,Lucleon"
"Essentials | 1/4"" (6 mm) Gunmetal Black Herringbone Chain Bracelet,$32.2,N/A,Lucleon"
"Essentials | 1/5"" (4 mm) Gunmetal Black Herringbone Chain Bracelet,$28,N/A,Lucleon"
"Essentials | 1/5"" (4 mm) Silver-Tone Herringbone Chain Bracelet,$28,N/A,Lucleon"
"Essentials | 1/5"" (4 mm) Gunmetal Black Figaro Chain Bracelet,$25.9,N/A,Lucleon"
"Essentials | 1/3"" (8 mm) Silver-tone Figaro Chain Bracelet,$23.1,N/A,Lucleon"
Blue Stainless Steel Wire Bracelet,$30.8,N/A,Lucleon
Icon | Brown Leather and Stainless Steel Bracelet,$41.3,N/A,Lucleon
Blue Retro Leather Bracelet,$38.5,N/A,Lucleon
Rico | Tiger’s Eye & Gold-Tone Stainless Steel Skull Bracelet,$52.5,N/A,Arkai
Rico | Gold-Tone Stainless Steel Skull Bracelet,$41.3,N/A,Arkai
Unity | 6 mm Onyx Star of David Bracelet,$41.3,N/A,Arkai
Unity | 6 mm Lapis Lazuli Star of David Bracelet,$41.3,N/A,Arkai
Unity | 6 mm Lapis Lazuli Hamsa Hand Bracelet,$41.3,N/A,Arkai
Unity | Gold-tone Double Chain Cross Bracelet,$34.3,N/A,Arkai
"Collins | 1/8"" (3 mm) Navy Blue Woven Leather Wrap Bracelet,$30.8,N/A,Lucleon"
Collins | Navy Blue Licorice Cord Bracelet,$30.8,N/A,Lucleon
Collins | Vintage Licorice Cord Bracelet,$30.8,N/A,Lucleon
"Collins | 1/4"" (6 mm) Vintage Leather Wrap Around Bracelet,$30.8,N/A,Lucleon"
"Nomen | 3/8"" (10 mm) Silver-tone Stainless Steel ID Plate Bracelet,$34.3,N/A,Lucleon"
"Nomen | 1/4"" (7 mm) Gold-tone ID Plate Bracelet,$34.3,N/A,Lucleon"
Nomen | Black Leather and Silver-tone ID Plate Bracelet,$45.5,N/A,Lucleon
Nomen | Silver-tone and Black Leather ID Bracelet,$45.5,N/A,Lucleon
Nomen | Gold-tone and Brown Leather Striped ID Bracelet,$45.5,N/A,Lucleon
Nomen | Gold-tone and Brown Leather Wrap-around ID Bracelet,$45.5,N/A,Lucleon
Wrap-around Black & Brown Wood Bead Bracelet Set,$17.5,N/A,Lucleon
Gold-Tone Titanium Snap Lock Bracelet,$45.5,N/A,Lucleon
Black Titanium Snap Lock Bracelet,$45.5,N/A,Lucleon
Gold-tone Titanium Magnetic Bracelet,$52.5,N/A,Lucleon
Collins | 3mm Rusty Brown Woven Leather Bracelet,$30.8,N/A,Lucleon
Arie | Black Stainless Steel Ad Astra Bangle Bracelet,$45.5,N/A,Lucleon
Arie | Silver-Tone Stainless Steel Duco Bangle Bracelet,$45.5,N/A,Lucleon
Arie | Matte Black Stainless Steel Bangle Bracelet,$45.5,N/A,Lucleon
Arie | Gold-Tone Stainless Steel Bangle Bracelet,$45.5,N/A,Lucleon
Bolo | Red Braided Leather & Stainless Steel Bracelet,$34.3,N/A,Lucleon
Bolo | Blue Braided Leather & Stainless Steel Bracelet,$34.3,N/A,Lucleon
Bolo | Black Leather Rope & Stainless Steel Bracelet,$30.8,N/A,Lucleon
Ankh | Black Leather & Onyx Bracelet Set,$52.5,N/A,Lucleon
Rico | Black Double Curb Chain Bracelet,$41.3,N/A,Arkai
Rico | Rose Gold-Tone Double Curb Chain Bracelet,$41.3,N/A,Arkai
Rico | Silver-Tone Double Curb Chain Bracelet,$41.3,N/A,Arkai
Rico | Silver-Tone Lava Rock & Obsidian Bracelet Set,$87.5,N/A,Arkai
Sanatio | Grey Hematite and Stainless Steel Cross Bracelet,$41.3,N/A,Arkai
Naxos | Black Braided Leather & White Turquoise Bracelet,$34.3,N/A,Lucleon
Amager | Silver- & Gold-Tone Stainless Steel Curb Chain Bracelet,$48.3,N/A,Lucleon
Amager | Rainbow Stainless Steel Figaro Chain Bracelet,$41.3,N/A,Lucleon
Amager | Gold-Tone Stainless Steel Curb & Cable Chain Smiley Bracelet,$41.3,N/A,Lucleon
Amager | Gunmetal Stainless Steel Curb Chain & Pearl Bracelet,$41.3,N/A,Lucleon
Amager | Rainbow Stainless Steel Cable Chain Bracelet,$41.3,N/A,Lucleon
Brushed Black Stainless Steel Cuff Bracelet,$30.8,N/A,Lucleon
Brushed Silver-Tone Stainless Steel Cuff Bracelet,$30.8,N/A,Lucleon
Black, Orange & Tan Wood Bead Bracelet,$15.4,N/A,Lucleon
18mm Silver-Tone Stainless Steel Curb Chain Bracelet,$38.5,N/A,Lucleon
14mm Silver-Tone Stainless Steel Curb Chain Bracelet,$34.3,N/A,Lucleon
16mm Gold-Tone Stainless Steel Curb Chain Bracelet,$34.3,N/A,Lucleon
12mm Gold-Tone Stainless Steel Curb Chain Bracelet,$30.8,N/A,Lucleon
18mm Black Stainless Steel Curb Chain Bracelet,$38.5,N/A,Lucleon
16mm Black Stainless Steel Curb Chain Bracelet,$34.3,N/A,Lucleon
Jax | Silver-Tone Stainless Steel Spike Cuff Bracelet,$34.3,N/A,Moody Mason
Black, White & Blue Braided Nylon & Metal Bead Bracelet,$21,N/A,Waykins
Polished Silver-Tone Stainless Steel Box Chain Bracelet,$52.5,N/A,Trendhim
Tiger's Eye & Gold-Tone ID Bracelet,$30.8,N/A,Lucleon
Black Onyx & Turquoise Bracelet,$34.3,N/A,Arkai
Icon | Wood Grain Jasper & Black Leather Cord Bracelet,$41.3,N/A,Lucleon
Vintage Silver-Tone Stainless Steel Spiral Cuff Bracelet,$18.9,N/A,Fort Tempus
Stainless Steel Screw Bar Bangle Bracelet,$23.1,N/A,Fort Tempus
Gravel | Silver-Tone Steel and Black Waxed Cotton Bracelet,$38.5,N/A,Lucleon
Black Stainless Steel Bike Chain Bracelet,$52.5,N/A,Fort Tempus
Black & Gold-Tone Braided Leather Rope Double Bracelet,$34.3,N/A,Fort Tempus
Dark Brown, Red & Black Wooden Bracelet Set,$23.1,N/A,Lucleon
Miro | Red Natural Wood & White Coconut Bracelet Set,$23.1,N/A,Lucleon
Dark Leather & Steel Single Strap Bracelet,$30.8,N/A,Lucleon
Dark Leather & Stainless Steel Double Wrap Bracelet,$34.3,N/A,Lucleon
Chunky Stainless Steel Fleur-De-Lis Bracelet,$69.3,N/A,Fort Tempus
All Black Leather & Natural Stone Bracelet Set,$48.3,N/A,Lucleon
Black Leather & Natural Stone Bracelet Set,$41.3,N/A,Lucleon
Bordeaux Waxed Cotton & Silver Bracelet,$48.3,N/A,Lucleon
Burgundy Stone & Black Zirconia Bracelet,$48.3,N/A,Neshraw
Black Lava Rock & Red Agate Buddha Bracelet,$17.5,N/A,Neshraw
Blue Lapis Lazuli & Black Lava Rock Bracelet,$16.8,N/A,Neshraw
White Pine, Blue Lapis Lazuli & Silver-Tone Zirconia Bracelet,$21,N/A,Neshraw
Blue Lapis Lazuli & Black Zirconia Bracelet,$52.5,N/A,Neshraw
Polished Black Onyx Buddha Bracelet,$17.5,N/A,Neshraw
Black Lava Rock & Blue Lapis Lazuli Buddha Bracelet,$23.1,N/A,Neshraw
Blue & Black Braided Leather Cord Bracelet,$30.8,N/A,Lucleon
Bordeaux & Black Braided Leather Cord Bracelet,$30.8,N/A,Lucleon
White & Gold-Tone Anchor Bracelet,$15.4,N/A,Tailor Toki
Black Lava Rock & Stainless Steel Bracelet,$23.1,N/A,Lucleon
Thin Gold-Tone Cuff Bracelet,$21,N/A,Lucleon
Black Braided Leather & Stainless Steel Bracelet,$34.3,N/A,Lucleon
Green Natural Stone & Black Lava Rock & Leather Cord Bracelet Set,$30.8,N/A,Lucleon
Panther | Black Carbon Fiber Leather Bracelet,$41.3,N/A,Seizmont
Bolo | Black Braided Leather & Stainless Steel Bracelet,$34.3,N/A,Lucleon
Amager | Silver-Tone Stainless Steel Curb Chain & Pearl Bracelet,$45.5,N/A,Lucleon
4mm Silver-Tone Stainless Steel Curb Chain Bracelet,$23.1,N/A,Lucleon
Adjustable Brown Nylon Lucky Knot Bracelet,$13.3,N/A,Waykins
Roas | Blue & Green Imperial Jasper & Lava Rock Bracelet,$34.3,N/A,Arkai
Icon | Black Leather & Jasper Double Bracelet,$41.3,N/A,Lucleon
Chunky 10mm Silver-Tone Stainless Steel ID Bracelet,$30.8,N/A,Trendhim
10mm Gold-Tone Stainless Steel Curb Chain Bracelet,$30.8,N/A,Lucleon
Roy | Black & Green Leather & Stainless Steel Wrap Bracelet,$34.3,N/A,Lucleon
Black Lava Rock & Red Tiger's Eye Bracelet,$23.1,N/A,Neshraw
Army Green Adjustable Paracord Bracelet,$16.8,N/A,Tailor Toki
Black & Silver-Tone Stainless Steel Cable Bracelet,$34.3,N/A,Lucleon
Black Natural Stone & Wooden Bracelet Set,$23.1,N/A,Lucleon
Black Wooden & Lava Rock Wrap Bracelet,$21,N/A,Lucleon
Black Natural Stone & Braided Leather Band Bracelet Set,$34.3,N/A,Neshraw
Black Natural Stone & Leather Bracelet Set,$34.3,N/A,Neshraw
Tiger's Eye & Black Leather Bracelet Set,$41.3,N/A,Neshraw
Brown Natural Stone & Braided Leather Band Bracelet Set,$30.8,N/A,Neshraw
Red Agate & Braided Leather Band Bracelet Set,$34.3,N/A,Neshraw
Black & White Natural Stone & Leather Bracelet Set,$34.3,N/A,Neshraw
Marbled Agate & Leather Bracelet Set,$41.3,N/A,Neshraw
Natural Agate & Braided Leather Band Bracelet Set,$30.8,N/A,Neshraw
Black & Striped Agate & Leather Bracelet Set,$34.3,N/A,Neshraw
Black & Natural Agate & Leather Bracelet Set,$34.3,N/A,Neshraw
Blue Marble & Braided Leather Band Bracelet Set,$34.3,N/A,Neshraw
Soft Red Agate & Braided Leather Band Bracelet Set,$34.3,N/A,Neshraw
Black Braided Leather & Stainless Steel Wrap Bracelet,$21,N/A,Lucleon
Dark Brown Braided Leather & Rose Gold-Tone Stainless Steel Bracelet,$48.3,N/A,Lucleon
Brown Braided Leather & Stainless Steel Wrap Bracelet,$21,N/A,Lucleon
Black Leather Strap & Bead Chain Bracelet,$21,N/A,Fort Tempus
Black Leather Strap & Gold-Tone Bead Bracelet,$21,N/A,Fort Tempus
Black Braided Leather Rope & Stainless Steel Skull Bracelet,$34.3,N/A,Fort Tempus
Black Leather & Stainless Steel Intertwining Bracelet,$32.2,N/A,Fort Tempus
Black Braided Leather Rope & Steel Double Bracelet,$48.3,N/A,Fort Tempus
Black Braided Leather & Stainless Steel Anchor Bracelet,$41.3,N/A,Fort Tempus
Wide Blue & Yellow Paracord Bracelet,$15.4,N/A,Tailor Toki
Black & Neon Green Nylon Paracord Bracelet,$15.4,N/A,Tailor Toki
Army Green Paracord Bracelet,$15.4,N/A,Tailor Toki
Colorful & Black Stone Bracelet Set,$16.8,N/A,Lucleon
8mm Black, White & Brown Wood Bead Bracelet Set,$11.2,N/A,Collin Rowe
6mm Black, White & Brown Wood Bead Bracelet Set,$11.2,N/A,Collin Rowe
Solid Silver-Tone Stainless Steel Curb Chain Bracelet,$48.3,N/A,Fort Tempus
Gold-Tone Stainless Steel Cuban Curb Chain Bracelet,$45.5,N/A,Fort Tempus
Black Natural Stone, Leather & Steel Bracelet Set,$30.8,N/A,Lucleon
Wide Raw Black Leather Cuff Bracelet,$18.9,N/A,Collin Rowe
4-in-1 Nylon Weave Anklets for Men,$10.5,N/A,Waykins
Black Stainless Steel Anchor Chain Men's Anklet,$15.4,N/A,Lucleon
Gold-Tone Stainless Steel Anchor Chain Men's Anklet,$15.4,N/A,Lucleon
Silver-Tone Stainless Steel Anchor Chain Men's Anklet,$15.4,N/A,Lucleon
Black Stainless Steel Rope Chain Men's Anklet,$15.4,N/A,Lucleon
Gold-Tone Stainless Steel Rope Chain Men's Anklet,$15.4,N/A,Lucleon
Silver-Tone Stainless Steel Rope Chain Men's Anklet,$15.4,N/A,Lucleon
Black Stainless Steel Figaro Chain Men's Anklet,$15.4,N/A,Lucleon
Gold-Tone Stainless Steel Figaro Chain Men's Anklet,$15.4,N/A,Lucleon
Silver-Tone Stainless Steel Figaro Chain Men's Anklet,$15.4,N/A,Lucleon
Adjustable-Length Onyx Bead Bracelet with Black Stainless Steel Plate,$30.8,N/A,Lucleon
Adjustable-Length Onyx Bead Bracelet with Gold-Tone Stainless Steel Plate,$30.8,N/A,Lucleon
Adjustable-Length Onyx Bead Bracelet with Silver-Tone Stainless Steel Plate,$30.8,N/A,Lucleon
"1/5"" (5 mm) Polished Gold-Plated Adjustable Sterling Silver Angular Cuff Bracelet,$122.5,N/A,Sidegren"
"1/5"" (5 mm) Polished Rhodium-Plated Adjustable Sterling Silver Angular Cuff Bracelet,$122.5,N/A,Sidegren"
"1/5"" (5 mm) Polished Black Adjustable Stainless Steel Angular Cuff Bracelet,$23.8,N/A,Lucleon"
"1/5"" (5 mm) Matte Black Adjustable Stainless Steel Angular Cuff Bracelet,$23.8,N/A,Lucleon"
"1/5"" (5 mm) Polished Gold-Tone Adjustable Stainless Steel Angular Cuff Bracelet,$23.8,N/A,Lucleon"
"1/5"" (5 mm) Matte Gold-Tone Adjustable Stainless Steel Angular Cuff Bracelet,$23.8,N/A,Lucleon"
"1/5"" (5 mm) Polished Silver-Tone Adjustable Stainless Steel Angular Cuff Bracelet,$23.8,N/A,Lucleon"
"1/5"" (5 mm) Matte Silver-Tone Adjustable Stainless Steel Angular Cuff Bracelet,$23.8,N/A,Lucleon"
"1/8"" (3 mm) Polished Gold-Plated Adjustable Sterling Silver Cuff Bracelet,$73.5,N/A,Sidegren"
"1/8"" (3 mm) Polished Rhodium-Plated Adjustable Sterling Silver Cuff Bracelet,$73.5,N/A,Sidegren"
"1/8"" (3 mm) Polished Black Adjustable Stainless Steel Cuff Bracelet,$21,N/A,Lucleon"
"1/8"" (3 mm) Matte Black Adjustable Stainless Steel Cuff Bracelet,$21,N/A,Lucleon"
"1/8"" (3 mm) Polished Gold-Tone Adjustable Stainless Steel Cuff Bracelet,$21,N/A,Lucleon"
"1/8"" (3 mm) Matte Gold-Tone Adjustable Stainless Steel Cuff Bracelet,$21,N/A,Lucleon"
"1/8"" (3 mm) Polished Silver-Tone Adjustable Stainless Steel Cuff Bracelet,$21,N/A,Lucleon"
"1/8"" (3 mm) Matte Silver-Tone Adjustable Stainless Steel Cuff Bracelet,$21,N/A,Lucleon"
"1/5"" (5 mm) Polished Gold-Plated Adjustable Sterling Silver Cuff Bracelet,$104.3,N/A,Sidegren"
"1/5"" (5 mm) Polished Rhodium-Plated Adjustable Sterling Silver Cuff Bracelet,$104.3,N/A,Sidegren"
"1/5"" (5 mm) Polished Black Adjustable Stainless Steel Cuff Bracelet,$21,N/A,Lucleon"
"1/5"" (5 mm) Matte Black Adjustable Stainless Steel Cuff Bracelet,$21,N/A,Lucleon"
"1/5"" (5 mm) Polished Gold-Tone Adjustable Stainless Steel Cuff Bracelet,$21,N/A,Lucleon"
"1/5"" (5 mm) Matte Gold-Tone Adjustable Stainless Steel Cuff Bracelet,$21,N/A,Lucleon"
"1/5"" (5 mm) Polished Silver-Tone Adjustable Stainless Steel Cuff Bracelet,$21,N/A,Lucleon"
"1/5"" (5 mm) Matte Silver-Tone Adjustable Stainless Steel Cuff Bracelet,$21,N/A,Lucleon"
Amager | Pure Pearl Bracelet,$48.3,N/A,Lucleon
Essential Men's Jewelry Gift Box | Stainless Steel Curb Chain Bracelet & Necklace,$60,N/A,Trendhim
Exclusive Men's Bracelet Gift Box | Wood & Leather,$60,N/A,Trendhim
Lava Rock, Onyx, Coconut, and Sterling Silver Bracelet Set,$30.8,N/A,Lucleon
Blue Amazonite & Wood Bracelet Set,$23.1,N/A,Lucleon
Purple Amethyst & Wood Bracelet Set,$23.1,N/A,Lucleon
Green Jade & Wood Bracelet Set,$23.1,N/A,Lucleon
Green Strawberry Crystal & Wood Bracelet Set,$23.1,N/A,Lucleon
Red Tiger's Eye & Black Leather Bracelet Gift Box,$79.2,N/A,Trendhim
Black Leather & Tiger's Eye Bracelet Gift Box,$95.2,N/A,Trendhim
"1/3"" (8 mm) Black Surgical Steel Bracelet & Necklace Gift Box,$68,N/A,Trendhim"
"1/3"" (8 mm) Surgical Steel Chain Bracelet & Necklace Gift Box,$68,N/A,Trendhim"
Jewelry Stand | Black,$26.4,N/A,Trendhim
Jewelry Stand | Wood | White,$17.6,N/A,Trendhim
Jewelry Stand | Wood | Black,$17.6,N/A,Trendhim
Varietas | Surgical Steel & Wood Bead Bracelet,$17.5,N/A,Trendhim
Varietas | Beaded Surgical Steel Bracelet,$17.5,N/A,Trendhim
Varietas | Surgical Steel & Onyx Stone Bracelet,$17.5,N/A,Trendhim
Varietas | Surgical Steel & Lava Stone Bracelet,$17.5,N/A,Trendhim
Black Stainless Steel Foxtail Chain Bracelet,$30.8,N/A,Fort Tempus
Silver-Tone Stainless Steel Foxtail Chain Bracelet,$30.8,N/A,Fort Tempus
Gunmetal Grey Stainless Steel Dragon Head Bracelet,$32.2,N/A,Fort Tempus
Silver-Tone Stainless Steel Dragon Head Bracelet,$32.2,N/A,Fort Tempus
Silver-Tone Stainless Steel Dragon Foxtail Chain Bracelet,$32.2,N/A,Fort Tempus
Black Stainless Steel & Faux Leather Braided Bracelet,$17.5,N/A,Fort Tempus
Silver-Tone and Red Stainless Steel ID Bracelet,$23.1,N/A,Fort Tempus
Black and Red Stainless Steel ID Bracelet,$23.1,N/A,Fort Tempus
Brushed Gold-Tone ID Bracelet,$21,N/A,Fort Tempus
Brushed Silver-Tone Stainless Steel ID Bracelet,$21,N/A,Fort Tempus
Brushed Black Stainless Steel ID Bracelet,$21,N/A,Fort Tempus
Gold-Tone Faux Leather Dragon Claw Bracelet,$23.1,N/A,Fort Tempus
Silver-Tone Stainless Steel & Faux Leather Dragon Claw Bracelet,$23.1,N/A,Fort Tempus
Black Stainless Steel & Faux Leather Dragon Claw Bracelet,$23.1,N/A,Fort Tempus
Silver-Tone Stainless Steel & Faux Leather Viking Compass Bracelet,$21,N/A,Fort Tempus
Silver-Tone Stainless Steel & Faux Leather Runes ID Bracelet,$21,N/A,Fort Tempus
Gold-Tone Faux Leather Runes ID Bracelet,$21,N/A,Fort Tempus
Silver-Tone Stainless Steel & Faux Leather Viking Compass ID Bracelet,$21,N/A,Fort Tempus
Onyx, Hematite & Black Zirconia Bead Bracelet Set,$23.1,N/A,Lucleon
Black Onyx, Snowflake Obsidian, Hematite & Zirconia Bead Bracelet Set,$23.1,N/A,Lucleon
Black Onyx, Cotton & Leather Bracelet Set,$17.5,N/A,Lucleon
Lava Rock and Hematite Cross Bracelet Set,$17.5,N/A,Lucleon
Black Onyx and Hematite Bead Bracelet Set with Chain Detail,$23.1,N/A,Lucleon
Black Onyx and Lava Rock Bead Bracelet Set,$23.1,N/A,Lucleon
Black Onyx, Hematite & Zirconia Bracelet Set,$23.1,N/A,Lucleon
Black Onyx and Stainless Steel Bead Bracelet,$23.1,N/A,Lucleon
Elysian | Black Onyx and Green Tiger’s Eye Flat Bead Bracelet,$48.3,N/A,Arkai
Elysian | Gold-Tone Onyx and Green Tiger’s Eye Flat Bead Bracelet,$48.3,N/A,Arkai
Elysian | Gold-Tone Green Tiger’s Eye Flat Bead Bracelet,$48.3,N/A,Arkai
Elysian | Black Onyx and Tiger’s Eye Flat Bead Bracelet,$48.3,N/A,Arkai
Elysian | Gold-Tone Onyx and Tiger’s Eye Flat Bead Bracelet,$48.3,N/A,Arkai
Elysian | Black Onyx Bead Flat Bracelet,$48.3,N/A,Arkai
Elysian | Gold-Tone Onyx Flat Bead Bracelet,$48.3,N/A,Arkai
Elysian | Silver-Tone Onyx Flat Bead Bracelet,$48.3,N/A,Arkai
Elysian | Silver-Tone Multicolor Natural Stone Flat Bead Bracelet,$48.3,N/A,Arkai
Black Lava Rock and Wood Bead Bracelet Set,$23.1,N/A,Lucleon
Ocata | Gold-Tone Anchor Chain & Pearl Bracelet,$52.5,N/A,Lucleon
Ocata | Gold-Tone Anchor Chain & Black Pearl Bracelet,$52.5,N/A,Lucleon
Ocata | Silver-Tone Anchor Chain & Pearl Bracelet,$52.5,N/A,Lucleon
Ocata | Silver-Tone Anchor Chain & Black Pearl Bracelet,$52.5,N/A,Lucleon
Ocata | Black Pearl Bracelet,$59.5,N/A,Lucleon
Ocata | Gold-Tone Pearl Bracelet,$59.5,N/A,Lucleon
Ocata | Gold-Tone Black Pearl Bracelet,$59.5,N/A,Lucleon
Ocata | Silver-Tone Pearl Bracelet,$59.5,N/A,Lucleon
Ocata | Silver-Tone Black Pearl Bracelet,$59.5,N/A,Lucleon
Ocata | Gold-Tone Cuban Chain & Pearl Bracelet,$41.3,N/A,Lucleon
Ocata | Gold-Tone Cuban Chain & Black Pearl Bracelet,$34.3,N/A,Lucleon
Ocata | Silver-Tone Cuban Chain & Pearl Bracelet,$34.3,N/A,Lucleon
Ocata | Silver-Tone Cuban Chain & Black Pearl Bracelet,$34.3,N/A,Lucleon
Obelius | Vintage Gold-tone Medusa Bracelet,$41.3,N/A,Lucleon
Obelius | Vintage Silver-tone Medusa Bracelet,$41.3,N/A,Lucleon
Obelius | Vintage Silver-tone Owl of Athena Bracelet,$41.3,N/A,Lucleon
Casual Stainless Steel Chain Link Bracelet,$26.6,N/A,Fort Tempus
Silver-Tone Stainless Steel Link Bracelet,$30.8,N/A,Fort Tempus
Black Glossy Rubber & Stainless Steel Bracelet,$17.5,N/A,Fort Tempus
Argentia | 925s | 10 mm Rhodium-Plated Sterling Silver ID Bracelet,$129.5,N/A,Seizmont
"Argentia | 925s | 1/5"" (4 mm) Rhodium-Plated Sterling Silver Rope Chain Bracelet,$62.3,N/A,Seizmont"
"Argentia | 925s | 1/16"" (2 mm) Rhodium-Plated Sterling Silver Rope Chain Bracelet,$38.5,N/A,Seizmont"
Argentia | 925s | 6 mm Rhodium-Plated Sterling Silver Herringbone Chain Bracelet,$69.3,N/A,Seizmont
"Argentia | 925s | 1/5"" (4 mm) Rhodium-Plated Sterling Silver Herringbone Chain Bracelet,$62.3,N/A,Seizmont"
"Argentia | 925s | 1/16"" (2 mm) Rhodium-Plated Sterling Silver Herringbone Chain Bracelet,$45.5,N/A,Seizmont"
Argentia | 925s | 6 mm Rhodium-Plated Sterling Silver Cable Chain Bracelet,$66.5,N/A,Seizmont
"Argentia | 925s | 1/5"" (4 mm) Rhodium-Plated Sterling Silver Cable Chain Bracelet,$59.5,N/A,Seizmont"
"Argentia | 925s | 1/16"" (2 mm) Rhodium-Plated Sterling Silver Cable Chain Bracelet,$41.3,N/A,Seizmont"
Argentia | 925s | 6 mm Rhodium-Plated Sterling Silver Curb Chain Bracelet,$94.5,N/A,Seizmont
"Argentia | 925s | 1/5"" (4 mm) Rhodium-Plated Sterling Silver Curb Chain Bracelet,$62.3,N/A,Seizmont"
"Argentia | 925s | 1/16"" (2 mm) Rhodium-Plated Sterling Silver Curb Chain Bracelet,$38.5,N/A,Seizmont"
Argentia | 925s | 6 mm Rhodium-Plated Sterling Silver Figaro Chain Bracelet,$80.5,N/A,Seizmont
"Argentia | 925s | 1/5"" (4 mm) Rhodium-Plated Sterling Silver Figaro Chain Bracelet,$52.5,N/A,Seizmont"
"Argentia | 925s | 1/16"" (2 mm) Rhodium-Plated Sterling Silver Figaro Chain Bracelet,$34.3,N/A,Seizmont"
Classic Black Leather Cuff Bracelet,$21,N/A,Collin Rowe
Wide Rustic Dark Brown Leather Cuff Bracelet,$21,N/A,Collin Rowe
Simple Black Double Locked Leather Cuff Bracelet,$21,N/A,Collin Rowe
Adjustable Black Leather Cuff Bracelet,$21,N/A,Collin Rowe
Adjustable Dark Brown Leather Cuff Bracelet,$21,N/A,Collin Rowe
Robust Black Braided Leather Bracelet,$28,N/A,Fort Tempus
Black Braided Leather Rope & Stainless Steel Double Bracelet,$30.8,N/A,Fort Tempus
Black & Gold-Tone Leather Wide Wrap Cuff Bracelet,$21,N/A,Collin Rowe
"Essentials | 1/8"" (3 mm) Gunmetal Black Square Box Chain Bracelet,$28,N/A,Lucleon"
"Essentials | 1/8"" (3 mm) Gold-Tone Square Box Chain Bracelet,$28,N/A,Lucleon"
"Essentials | 1/8"" (3 mm) Silver-Tone Square Box Chain Bracelet,$28,N/A,Lucleon"
"Essentials | 1/16"" (2 mm) Gunmetal Black Square Box Chain Bracelet,$25.9,N/A,Lucleon"
"Essentials | 1/16"" (2 mm) Gold-Tone Square Box Chain Bracelet,$25.9,N/A,Lucleon"
"Essentials | 1/16"" (2 mm) Silver-Tone Square Box Chain Bracelet,$25.9,N/A,Lucleon"
"Essentials | 1/32"" (1 mm) Gunmetal Black Square Box Chain Bracelet,$23.1,N/A,Lucleon"
"Essentials | 1/32"" (1 mm) Gold-Tone Square Box Chain Bracelet,$23.1,N/A,Lucleon"
"Essentials | 1/32"" (1 mm) Silver-Tone Square Box Chain Bracelet,$23.1,N/A,Lucleon"
"Essentials | 1/5"" (5 mm) Gunmetal Black Curved Box Chain Bracelet,$30.8,N/A,Lucleon"
"Essentials | 1/5"" (5 mm) Gold-Tone Curved Box Chain Bracelet,$30.8,N/A,Lucleon"
"Essentials | 1/5"" (5 mm) Silver-Tone Curved Box Chain Bracelet,$30.8,N/A,Lucleon"
"Essentials | 1/8"" (3 mm) Gunmetal Black Curved Box Chain Bracelet,$28,N/A,Lucleon"
"Essentials | 1/8"" (3 mm) Gold-Tone Curved Box Chain Bracelet,$28,N/A,Lucleon"
"Essentials | 1/8"" (3 mm) Silver-Tone Curved Box Chain Bracelet,$28,N/A,Lucleon"
"Essentials | 1/16"" (2 mm) Gunmetal Black Curved Box Chain Bracelet,$25.9,N/A,Lucleon"
"Essentials | 1/16"" (2 mm) Gold-Tone Curved Box Chain Bracelet,$25.9,N/A,Lucleon"
"Essentials | 1/16"" (2 mm) Silver-Tone Curved Box Chain Bracelet,$25.9,N/A,Lucleon"
"Essentials | 1/32"" (1 mm) Gunmetal Black Curved Box Chain Bracelet,$23.1,N/A,Lucleon"
"Essentials | 1/32"" (1 mm) Gold-Tone Curved Box Chain Bracelet,$23.1,N/A,Lucleon"
"Essentials | 1/32"" (1 mm) Silver-Tone Curved Box Chain Bracelet,$23.1,N/A,Lucleon"
"Essentials | 1/8"" (3 mm) Gold-Tone Rectangular Box Chain Bracelet,$28,N/A,Lucleon"
"Essentials | 1/8"" (3 mm) Silver-Tone Rectangular Box Chain Bracelet,$28,N/A,Lucleon"
"Essentials | 1/16"" (2 mm) Gunmetal Black Rectangular Box Chain Bracelet,$25.9,N/A,Lucleon"
"Essentials | 1/16"" (2 mm) Gold-Tone Rectangular Box Chain Bracelet,$25.9,N/A,Lucleon"
"Essentials | 1/16"" (2 mm) Silver-Tone Rectangular Box Chain Bracelet,$25.9,N/A,Lucleon"
"Essentials | 1/32"" (1 mm) Gold-Tone Rectangular Box Chain Bracelet,$23.1,N/A,Lucleon"
"Essentials | 1/3"" (8 mm) Gunmetal Black Wheat Chain Bracelet,$41.3,N/A,Lucleon"
"Essentials | 1/3"" (8 mm) Gold-Tone Wheat Chain Bracelet,$41.3,N/A,Lucleon"
"Essentials | 1/3"" (8 mm) Silver-Tone Wheat Chain Bracelet,$41.3,N/A,Lucleon"
"Essentials | 1/5"" (5 mm) Gunmetal Black Wheat Chain Bracelet,$34.3,N/A,Lucleon"
"Essentials | 1/5"" (5 mm) Gold-Tone Wheat Chain Bracelet,$34.3,N/A,Lucleon"
"Essentials | 1/5"" (5 mm) Silver-Tone Wheat Chain Bracelet,$34.3,N/A,Lucleon"
"Essentials | 1/3"" (8 mm) Gunmetal Black Rope Chain Bracelet,$34.3,N/A,Lucleon"
"Essentials | 1/3"" (8 mm) Gold-Tone Rope Chain Bracelet,$34.3,N/A,Lucleon"
"Essentials | 1/3"" (8 mm) Silver-Tone Rope Chain Bracelet,$34.3,N/A,Lucleon"
"Essentials | 1/4"" (6 mm) Gunmetal Black Rope Chain Bracelet,$30.8,N/A,Lucleon"
"Essentials | 1/4"" (6 mm) Gold-Tone Rope Chain Bracelet,$30.8,N/A,Lucleon"
"Essentials | 1/4"" (6 mm) Silver-Tone Rope Chain Bracelet,$30.8,N/A,Lucleon"
"Essentials | 1/5"" (4 mm) Gunmetal Black Rope Chain Bracelet,$26.6,N/A,Lucleon"
"Essentials | 1/5"" (4 mm) Gold-Tone Rope Chain Bracelet,$26.6,N/A,Lucleon"
"Essentials | 1/16"" (2 mm) Gunmetal Black Rope Chain Bracelet,$23.1,N/A,Lucleon"
"Essentials | 1/16"" (2 mm) Gold-Tone Rope Chain Bracelet,$23.1,N/A,Lucleon"
"Essentials | 1/16"" (2 mm) Silver-Tone Rope Chain Bracelet,$23.1,N/A,Lucleon"
"Essentials | 1/4"" (6 mm) Gunmetal Black Snake Chain Bracelet,$32.2,N/A,Lucleon"
"Essentials | 1/4"" (6 mm) Gold-Tone Snake Chain Bracelet,$32.2,N/A,Lucleon"
"Essentials | 1/4"" (6 mm) Silver-Tone Snake Chain Bracelet,$32.2,N/A,Lucleon"
"Essentials | 1/5"" (5 mm) Gunmetal Black Snake Chain Bracelet,$30.8,N/A,Lucleon"
"Essentials | 1/5"" (5 mm) Gold-Tone Snake Chain Bracelet,$30.8,N/A,Lucleon"
"Essentials | 1/5"" (5 mm) Silver-Tone Snake Chain Bracelet,$30.8,N/A,Lucleon"
"Essentials | 1/5"" (4 mm) Gunmetal Black Snake Chain Bracelet,$28,N/A,Lucleon"
"Essentials | 1/5"" (4 mm) Gold-Tone Snake Chain Bracelet,$28,N/A,Lucleon"
"Essentials | 1/5"" (4 mm) Silver-Tone Snake Chain Bracelet,$28,N/A,Lucleon"
"Essentials | 1/8"" (3 mm) Gunmetal Black Snake Chain Bracelet,$25.9,N/A,Lucleon"
"Essentials | 1/8"" (3 mm) Gold-Tone Snake Chain Bracelet,$25.9,N/A,Lucleon"
"Essentials | 1/8"" (3 mm) Silver-Tone Snake Chain Bracelet,$25.9,N/A,Lucleon"
"Essentials | 1/16"" (2 mm) Gunmetal Black Snake Chain Bracelet,$23.1,N/A,Lucleon"
"Essentials | 1/16"" (2 mm) Gold-Tone Snake Chain Bracelet,$23.1,N/A,Lucleon"
"Essentials | 1/16"" (2 mm) Silver-Tone Snake Chain Bracelet,$23.1,N/A,Lucleon"
"Essentials | 1/32"" (1 mm) Gunmetal Black Snake Chain Bracelet,$21,N/A,Lucleon"
"Essentials | 1/32"" (1 mm) Gold-Tone Snake Chain Bracelet,$21,N/A,Lucleon"
"Essentials | 1/32"" (1 mm) Silver-Tone Snake Chain Bracelet,$21,N/A,Lucleon"
"Essentials | 1/5"" (4 mm) Gunmetal Black Ball Chain Bracelet,$26.6,N/A,Lucleon"
"Essentials | 1/5"" (4 mm) Gold-Tone Ball Chain Bracelet,$26.6,N/A,Lucleon"
"Essentials | 1/5"" (4 mm) Silver-Tone Ball Chain Bracelet,$26.6,N/A,Lucleon"
"Essentials | 1/8"" (3 mm) Gunmetal Black Ball Chain Bracelet,$25.9,N/A,Lucleon"
"Essentials | 1/8"" (3 mm) Gold-Tone Ball Chain Bracelet,$25.9,N/A,Lucleon"
"Essentials | 1/8"" (3 mm) Silver-Tone Ball Chain Bracelet,$25.9,N/A,Lucleon"
"Essentials | 1/10"" (2.5 mm) Gunmetal Black Ball Chain Bracelet,$21,N/A,Lucleon"
"Essentials | 1/10"" (2.5 mm) Gold-Tone Ball Chain Bracelet,$21,N/A,Lucleon"
"Essentials | 1/10"" (2.5 mm) Silver-Tone Ball Chain Bracelet,$21,N/A,Lucleon"
"Essentials | 1/16"" (1.6 mm) Gunmetal Black Ball Chain Bracelet,$21,N/A,Lucleon"
"Essentials | 1/16"" (1.6 mm) Gold-Tone Ball Chain Bracelet,$21,N/A,Lucleon"
"Essentials | 1/16"" (1.6 mm) Silver-Tone Ball Chain Bracelet,$21,N/A,Lucleon"
"Essentials | 1/4"" (6 mm) Gold-Tone Herringbone Chain Bracelet,$32.2,N/A,Lucleon"
"Essentials | 1/4"" (6 mm) Silver-Tone Herringbone Chain Bracelet,$32.2,N/A,Lucleon"
"Essentials | 1/5"" (5 mm) Gunmetal Black Herringbone Chain Bracelet,$30.8,N/A,Lucleon"
"Essentials | 1/5"" (5 mm) Gold-Tone Herringbone Chain Bracelet,$30.8,N/A,Lucleon"
"Essentials | 1/5"" (5 mm) Silver-Tone Herringbone Chain Bracelet,$30.8,N/A,Lucleon"
"Essentials | 1/5"" (4 mm) Gold-Tone Herringbone Chain Bracelet,$28,N/A,Lucleon"
"Essentials | 1/8"" (3 mm) Gunmetal Black Herringbone Chain Bracelet,$25.9,N/A,Lucleon"
"Essentials | 1/8"" (3 mm) Gold-Tone Herringbone Chain Bracelet,$25.9,N/A,Lucleon"
"Essentials | 1/8"" (3 mm) Silver-Tone Herringbone Chain Bracelet,$25.9,N/A,Lucleon"
"Essentials | 1/16"" (2 mm) Gunmetal Black Herringbone Chain Bracelet,$23.1,N/A,Lucleon"
"Essentials | 1/16"" (2 mm) Gold-Tone Herringbone Chain Bracelet,$23.1,N/A,Lucleon"
"Essentials | 1/16"" (2 mm) Silver-Tone Herringbone Chain Bracelet,$23.1,N/A,Lucleon"
Essentials | 1/2” (12 mm) Gunmetal Black Cable Chain Bracelet,$41.3,N/A,Lucleon
Essentials | 1/2” (12 mm) Gold-Tone Cable Chain Bracelet,$41.3,N/A,Lucleon
Essentials | 1/2” (12 mm) Silver-Tone Cable Chain Bracelet,$41.3,N/A,Lucleon
"Essentials | 3/8"" (10 mm) Gunmetal Black Cable Chain Bracelet,$38.5,N/A,Lucleon"
"Essentials | 3/8"" (10 mm) Gold-Tone Cable Chain Bracelet,$38.5,N/A,Lucleon"
"Essentials | 3/8"" (10 mm) Silver-Tone Cable Chain Bracelet,$38.5,N/A,Lucleon"
"Essentials | 1/3"" (8 mm) Gunmetal Black Cable Chain Bracelet,$32.2,N/A,Lucleon"
"Essentials | 1/3"" (8 mm) Gold-Tone Cable Chain Bracelet,$32.2,N/A,Lucleon"
"Essentials | 1/3"" (8 mm) Silver-Tone Cable Chain Bracelet,$32.2,N/A,Lucleon"
"Essentials | 1/4"" (6 mm) Gunmetal Black Cable Chain Bracelet,$30.8,N/A,Lucleon"
"Essentials | 1/4"" (6 mm) Gold-Tone Cable Chain Bracelet,$30.8,N/A,Lucleon"
"Essentials | 1/4"" (6 mm) Silver-Tone Cable Chain Bracelet,$30.8,N/A,Lucleon"
"Essentials | 1/5"" (4 mm) Gunmetal Black Cable Chain Bracelet,$28,N/A,Lucleon"
"Essentials | 1/5"" (4 mm) Gold-Tone Cable Chain Bracelet,$28,N/A,Lucleon"
"Essentials | 1/5"" (4 mm) Silver-Tone Cable Chain Bracelet,$28,N/A,Lucleon"
"Essentials | 1/16"" (2 mm) Gunmetal Black Cable Chain Bracelet,$25.9,N/A,Lucleon"
"Essentials | 1/16"" (2 mm) Gold-Tone Cable Chain Bracelet,$25.9,N/A,Lucleon"
"Essentials | 1/16"" (2 mm) Silver-Tone Cable Chain Bracelet,$25.9,N/A,Lucleon"
"Essentials | 1/16"" (1.5 mm) Lightweight Gunmetal Black Cable Chain Bracelet,$23.1,N/A,Lucleon"
"Essentials | 1/16"" (1.5 mm) Lightweight Gold-Tone Cable Chain Bracelet,$23.1,N/A,Lucleon"
"Essentials | 1/16"" (1.5 mm) Lightweight Silver-Tone Cable Chain Bracelet,$23.1,N/A,Lucleon"
"Essentials | 3/8"" (10 mm) Gunmetal Black Figaro Chain Bracelet,$32.2,N/A,Lucleon"
"Essentials | 3/8"" (10 mm) Gold-tone Figaro Chain Bracelet,$32.2,N/A,Lucleon"
"Essentials | 3/8"" (10 mm) Silver-tone Figaro Chain Bracelet,$32.2,N/A,Lucleon"
"Essentials |3/8"" (10 mm) Gunmetal Black Figaro Chain Bracelet,$30.8,N/A,Lucleon"
"Essentials | 1/3"" (8 mm) Gold-tone Figaro Chain Bracelet,$30.8,N/A,Lucleon"
"Essentials | 1/3"" (8 mm) Silver-tone Figaro Chain Bracelet,$30.8,N/A,Lucleon"
"Essentials | 1/4"" (6 mm) Gunmetal Black Figaro Chain Bracelet,$28,N/A,Lucleon"
"Essentials | 1/4"" (6 mm) Gold-tone Figaro Chain Bracelet,$28,N/A,Lucleon"
"Essentials | 1/4"" (6 mm) Silver-tone Figaro Chain Bracelet,$28,N/A,Lucleon"
"Essentials | 1/5"" (4 mm) Gold-tone Figaro Chain Bracelet,$25.9,N/A,Lucleon"
"Essentials | 1/5"" (4 mm) Silver-tone Figaro Chain Bracelet,$25.9,N/A,Lucleon"
"Essentials | 1/3"" (8 mm) Gunmetal Black Figaro Chain Bracelet,$23.1,N/A,Lucleon"
"Essentials | 1/16"" (2 mm) Gold-tone Figaro Chain Bracelet,$23.1,N/A,Lucleon"
2-pack White Bracelet Sizer Belt,$9.6,N/A,Trendhim
2-pack Black Bracelet Sizer Belt,$9.6,N/A,Trendhim
Gladius | Brown Full Grain Buffalo Leather Pin Bracelet,$30.8,N/A,Lucleon
Gladius | Black Full Grain Buffalo Leather Pin Bracelet,$30.8,N/A,Lucleon
Gladius | Tan Full Grain Buffalo Leather Snap Bracelet,$30.8,N/A,Lucleon
Gladius | Brown Full Grain Buffalo Leather Snap Bracelet,$30.8,N/A,Lucleon
Gladius | Black Full Grain Buffalo Leather Snap Bracelet,$30.8,N/A,Lucleon
Gladius | Black Cut Full Grain Buffalo Leather Bracelet,$34.3,N/A,Lucleon
Gladius | Wide Black Full Grain Buffalo Leather Buckle Bracelet,$41.3,N/A,Lucleon
Gladius | Brown Full Grain Buffalo Leather Buckle Bracelet,$30.8,N/A,Lucleon
Gladius | Black Full Grain Buffalo Leather Buckle Bracelet,$30.8,N/A,Lucleon
Gladius | Wide Brown Full Grain Buffalo Leather Bracelet,$41.3,N/A,Lucleon
Gladius | Wide Black Full Grain Buffalo Leather Bracelet,$41.3,N/A,Lucleon
Gladius | Chunky Brown Full Grain Buffalo Leather Bracelet,$30.8,N/A,Lucleon
Gladius | Chunky Black Full Grain Buffalo Leather Bracelet,$30.8,N/A,Lucleon
"Nicos | 1/2"" (12 mm) Iced Black Diamond Prong Link Chain Zirconia Bracelet,$87.5,N/A,Otsu"
"Nicos | 1/2"" (12 mm) Iced Gold-tone Diamond Prong Link Chain Zirconia Bracelet,$87.5,N/A,Otsu"
"Nicos | 1/2"" (12 mm) Iced Silver-tone Diamond Prong Link Chain Zirconia Bracelet,$87.5,N/A,Otsu"
"Nicos | 1/2"" (12 mm) Iced Black Cuban Chain Link Zirconia Bracelet,$69.3,N/A,Otsu"
"Nicos | 1/2"" (12 mm) Iced Gold-tone Cuban Chain Zirconia Bracelet,$69.3,N/A,Otsu"
"Nicos | 1/3"" (8 mm) Iced Black Cuban Chain Zirconia Bracelet,$69.3,N/A,Otsu"
"Nicos | 1/3"" (8 mm) Iced Gold-tone Cuban Chain Zirconia Bracelet,$69.3,N/A,Otsu"
"Nicos | 1/3"" (8 mm) Iced Silver-tone Cuban Chain Zirconia Bracelet,$69.3,N/A,Otsu"
Red Braided Leather Bracelet,$34.3,N/A,Lucleon
Brown Stainless Steel Wire Bracelet,$30.8,N/A,Lucleon
Black Stainless Steel Wire Bracelet,$30.8,N/A,Lucleon
Red Retro Leather Bracelet,$38.5,N/A,Lucleon
Green Retro Leather Bracelet,$38.5,N/A,Lucleon
Rico | Botswana Agate & Gold-Tone Stainless Steel Skull Bracelet,$59.5,N/A,Arkai
Rico | Blue Sandstone & Black Stainless Steel Skull Bracelet,$52.5,N/A,Arkai
Rico | Blue Sandstone & Silver-Tone Stainless Steel Skull Bracelet,$52.5,N/A,Arkai
Rico | Lapis Lazuli & Gold-Tone Stainless Steel Skull Bracelet,$52.5,N/A,Arkai
Rico | Lapis Lazuli & Silver-Tone Stainless Steel Skull Bracelet,$52.5,N/A,Arkai
Rico | Green Tiger's Eye & Gold-Tone Stainless Steel Skull Bracelet,$52.5,N/A,Arkai
Rico | Green Tiger’s Eye & Silver-Tone Stainless Steel Skull Bracelet,$52.5,N/A,Arkai
Rico | Tiger’s Eye & Silver-Tone Stainless Steel Skull Bracelet,$52.5,N/A,Arkai
Rico | Lava Stone & Black Stainless Steel Skull Bracelet,$52.5,N/A,Arkai
Rico | Lava Stone & Rose Gold-Tone Stainless Steel Skull Bracelet,$52.5,N/A,Arkai
Rico | Lava Stone & Gold-Tone Stainless Steel Skull Bracelet,$52.5,N/A,Arkai
Rico | Lava Stone & Silver-Tone Stainless Steel Skull Bracelet,$52.5,N/A,Arkai
Rico | Black Stainless Steel Skull Bracelet,$41.3,N/A,Arkai
Unity | 6 mm Malachite Star of David Bracelet,$41.3,N/A,Arkai
Unity | 6 mm Onyx Hamsa Hand Bracelet,$41.3,N/A,Arkai
Unity | 6 mm Malachite Hamsa Hand Bracelet,$41.3,N/A,Arkai
Unity | 6 mm Lapis Lazuli Cross Bracelet,$41.3,N/A,Arkai
Unity | 6 mm Malachite Cross Bracelet,$41.3,N/A,Arkai
Unity | 6 mm Onyx Buddha Bracelet,$41.3,N/A,Arkai
Unity | 6 mm Lapis Lazuli Buddha Bracelet,$41.3,N/A,Arkai
Unity | 6 mm Malachite Buddha Bracelet,$41.3,N/A,Arkai
Unity | Silver-tone Stainless Steel Hamsa Hand Bracelet,$34.3,N/A,Arkai
Unity | Gold-tone Hamsa Hand Bracelet,$34.3,N/A,Arkai
Unity | Silver-tone Stainless Steel Buddha Bracelet,$34.3,N/A,Arkai
Unity | Gold-tone Buddha Bracelet,$34.3,N/A,Arkai
Unity | Silver-tone Stainless Steel Yin and Yang Bracelet,$34.3,N/A,Arkai
Unity | Gold-tone Yin and Yang Bracelet,$34.3,N/A,Arkai
Unity | Silver-tone Stainless Steel Aum Bracelet,$34.3,N/A,Arkai
Unity | Gold-tone Aum Bracelet,$34.3,N/A,Arkai
Unity | Silver-tone Stainless Steel Star of David Bracelet,$34.3,N/A,Arkai
Unity | Gold-tone Star of David Bracelet,$34.3,N/A,Arkai
Unity | Silver-tone Stainless Steel Ichthus Bracelet,$34.3,N/A,Arkai
Unity | Gold-tone Ichthus Bracelet,$34.3,N/A,Arkai
Unity | Silver-tone Stainless Steel Star and Crescent Bracelet,$34.3,N/A,Arkai
Unity | Gold-tone Star and Crescent Bracelet,$34.3,N/A,Arkai
Unity | Silver-tone Stainless Steel Double Chain Cross Bracelet,$32.2,N/A,Arkai
White Bracelet Sizer Belt – US Wrist Sizes,$5.6,N/A,Trendhim
White Bracelet Sizer Belt – EU Wrist Sizes,$5.6,N/A,Trendhim
Black Bracelet Sizer Belt – US Wrist Sizes,$5.6,N/A,Trendhim
Black Bracelet Sizer Belt – EU Wrist Sizes,$5.6,N/A,Trendhim
"Aspero | 3/8"" (10 mm) Silver-tone Skull Sodalite Bead Bracelet,$45.5,N/A,Lucleon"
Aspero | Gray Skull Onyx Bead Bracelet,$45.5,N/A,Lucleon
"Aspero | 3/8"" (10 mm) Gold-tone Skull Tiger’s Eye Bead Bracelet,$45.5,N/A,Lucleon"
"Collins | 1/3"" (8 mm) Brown Woven Leather Bracelet,$30.8,N/A,Lucleon"
"Nomen | 3/8"" (10 mm) Gold-tone ID Plate Bracelet,$34.3,N/A,Lucleon"
"Nomen | 1/4"" (7 mm) Silver-tone Stainless Steel ID Plate Bracelet,$32.2,N/A,Lucleon"
Nomen | Silver-tone Chain and Leather ID Plate Bracelet,$41.3,N/A,Lucleon
Nomen | Gold-tone and Brown Leather ID Bracelet,$41.3,N/A,Lucleon
Nomen | Silver-tone and Black Leather Striped ID Bracelet,$41.3,N/A,Lucleon
Nomen | Triple Silver-tone and Black Leather Bolo Weave ID Bracelet,$52.5,N/A,Lucleon
Nomen | Silver-tone and Black Leather Wrap-around ID Bracelet,$41.3,N/A,Lucleon
Nomen | Thin Gold-tone Link for Leather ID Bracelets,$5.6,N/A,Lucleon
Nomen | Thin Silver-tone Link for Leather ID Bracelets,$5.6,N/A,Lucleon
Nomen | Black and Brown Leather ID Bracelet with Silver-tone Elements,$34.3,N/A,Lucleon
Nomen | Brown Leather Gold-tone ID Bracelet,$34.3,N/A,Lucleon
Nomen | Black and Brown Leather Silver-tone ID Bracelet,$34.3,N/A,Lucleon
Evil Eye | Black Rope Bracelet,$30.8,N/A,Waykins
"Evil Eye | 1/4"" (6 mm) Silver-tone Howlite Bead Bracelet,$41.3,N/A,Waykins"
"Evil Eye | 1/4"" (6 mm) Gold-tone Turquoise Bead Bracelet,$41.3,N/A,Waykins"
"Evil Eye | 1/4"" (6 mm) Silver-tone Onyx Bead Bracelet,$41.3,N/A,Waykins"
Silver-Tone Pure Magnetic Titanium Bracelet,$52.5,N/A,Lucleon
Silver-tone Titanium Snap Lock Bracelet,$41.3,N/A,Lucleon
Silver-tone Titanium Magnetic Bracelet,$52.5,N/A,Lucleon
Black Titanium Magnetic Bracelet,$52.5,N/A,Lucleon
Amager | Gold-Tone Zirconia Stainless Steel Chain Bracelet,$34.3,N/A,Lucleon
Amager | Black Zirconia Stainless Steel Chain Bracelet,$34.3,N/A,Lucleon
"1/8"" (3 mm) Black Chain Bracelet,$23.1,N/A,Lucleon"
"1/8"" (3 mm) Gold-Tone Chain Bracelet,$23.1,N/A,Lucleon"
"Atlantis | 1/4"" (7 mm) Mother-of-Pearl and Stainless Steel Bead Bracelet,$52.5,N/A,Waykins"
Atlantis | Black Nylon Mother-of-Pearl Bracelet,$30.8,N/A,Waykins
Atlas | Gold-tone North Star Charm Bracelet,$48.3,N/A,Arkai
Atlas | Gold-tone Azurmalachite Charm Bracelet,$52.5,N/A,Arkai
Atlas | Silver-tone Stainless Steel Azurmalachite Charm Bracelet,$52.5,N/A,Arkai
Atlas | Gold-tone North Star Bracelet,$41.3,N/A,Arkai
Grey Tiger’s Eye Beaded Bracelet,$23.1,N/A,Lucleon
Light Blue Tiger’s Eye Beaded Bracelet,$23.1,N/A,Lucleon
Dark Blue Tiger’s Eye Beaded Bracelet,$23.1,N/A,Lucleon
Wrap-around Green Unakite Bead Bracelet,$23.1,N/A,Lucleon
Evan  | Gold-Tone Twisted Cuff Bracelet,$30.8,N/A,Lucleon
Evan  | Silver-Tone Stainless Steel Twisted Cuff Bracelet,$32.2,N/A,Lucleon
Evan  | Gold-Tone Stainless Steel Hercules Knot Cuff Bracelet,$23.1,N/A,Lucleon
Arie | Black Stainless Steel Rope Texture Bangle Bracelet,$45.5,N/A,Lucleon
Arie | Gold-Tone Stainless Steel Rope Texture Bangle Bracelet,$45.5,N/A,Lucleon
Arie | Black Stainless Steel Numeral Bangle Bracelet,$45.5,N/A,Lucleon
Arie | Gold-Tone Stainless Steel Numeral Bangle Bracelet,$45.5,N/A,Lucleon
Arie | Silver-Tone Stainless Steel Numeral Bangle Bracelet,$41.3,N/A,Lucleon
Arie | Gold-Tone Stainless Steel Ad Astra Bangle Bracelet,$45.5,N/A,Lucleon
Arie | Silver-Tone Stainless Steel Ad Astra Bangle Bracelet,$41.3,N/A,Lucleon
Arie | Black Stainless Steel Duco Bangle Bracelet,$45.5,N/A,Lucleon
Arie | Gold-Tone Stainless Steel Duco Bangle Bracelet,$45.5,N/A,Lucleon
Vasilios | Natural Black Onyx Bead & Stainless Steel Skull Bracelet,$34.3,N/A,Lucleon
Wrap-around Multicolor Natural Stone Bead Bracelet,$34.3,N/A,Lucleon
Multicolor Natural Stone Bead Bracelet,$21,N/A,Lucleon
Bolo | Brown Braided Leather & Stainless Steel Bracelet,$34.3,N/A,Lucleon
Icon | Rusty Brown Leather & Unakite Double Bracelet,$41.3,N/A,Lucleon
Icon | Red Tiger's Eye, Onyx & Brown Leather Cord Bracelet,$41.3,N/A,Lucleon
Icon | Black Lava Rock & Onyx & Brown Leather Cord Bracelet,$41.3,N/A,Lucleon
Bolo | Red Leather Rope & Stainless Steel Bracelet,$30.8,N/A,Lucleon
Rico | Gold-Tone Double Curb Chain Bracelet,$41.3,N/A,Arkai
Rico | Rose Gold-Tone Lava Rock & Turquoise Imperial Jasper Bracelet Set,$87.5,N/A,Arkai
Rico | Gold-Tone Lava Rock & Tiger's Eye Skull Bracelet Set,$87.5,N/A,Arkai
Black & Gold-Tone Stainless Steel Bracelet,$34.3,N/A,Lucleon
Black Leather & Stainless Steel Braided Bracelet,$30.8,N/A,Lucleon
Sanatio Lock Extention,$4.8,N/A,Arkai
Sanatio | Grey Hematite & Stainless Steel Bracelet,$48.3,N/A,Arkai
Sanatio | Black Lava Rock & Tiger's Eye Bracelet,$41.3,N/A,Arkai
Sanatio | Grey Hematite & Nylon Bracelet,$41.3,N/A,Arkai
Sanatio | Black Onyx & Grey Hematite Double Bracelet,$52.5,N/A,Arkai
Sanatio | 6mm Black & Blue Lava Rock, Onyx & Sodalite Bracelet,$48.3,N/A,Arkai
Sanatio | Black Lava Rock Double Bracelet,$48.3,N/A,Arkai
Naxos | Black Braided Leather & Coral Jade Bead Bracelet,$34.3,N/A,Lucleon
Amager | Silver-Tone & Gunmetal Stainless Steel Curb Chain Bracelet,$48.3,N/A,Lucleon
Amager | Gunmetal Stainless Steel Curb Chain Bracelet,$48.3,N/A,Lucleon
Amager | Gold-Tone Stainless Steel Curb Chain Bracelet,$48.3,N/A,Lucleon
Amager | Silver-Tone Stainless Steel Curb Chain Bracelet,$41.3,N/A,Lucleon
Amager | Gunmetal Stainless Steel Figaro Chain Bracelet,$41.3,N/A,Lucleon
Amager | Gold-Tone Stainless Steel Figaro Chain Bracelet,$41.3,N/A,Lucleon
Amager | Silver-Tone Figaro Chain Bracelet,$41.3,N/A,Lucleon
Amager | 6mm Gunmetal Stainless Steel Rope Chain Bracelet,$41.3,N/A,Lucleon
Amager | 6mm Gold-Tone Stainless Steel Rope Chain Bracelet,$41.3,N/A,Lucleon
Amager | 6mm Silver-Tone Stainless Steel Rope Chain Bracelet,$38.5,N/A,Lucleon
Amager | 10mm Gold-Tone Stainless Steel Rope Chain Bracelet,$52.5,N/A,Lucleon
Amager | 10mm Silver-Tone Stainless Steel Rope Chain Bracelet,$48.3,N/A,Lucleon
Amager | Rainbow Stainless Steel Curb & Cable Chain Smiley Bracelet,$41.3,N/A,Lucleon
Amager | Gunmetal Stainless Steel Curb & Cable Chain Smiley Bracelet,$41.3,N/A,Lucleon
Amager | Silver-Tone Stainless Steel Curb & Cable Chain Smiley Bracelet,$41.3,N/A,Lucleon
Amager | Gold-Tone Stainless Steel Curb Chain & Pearl Bracelet,$45.5,N/A,Lucleon
Amager | Silver-Tone & Gunmetal Stainless Steel Cable Chain Bracelet,$41.3,N/A,Lucleon
Amager | Silver- & Gold-Tone Stainless Steel Cable Chain Bracelet,$41.3,N/A,Lucleon
Amager | Silver-Tone Stainless Steel Cable Chain Bracelet,$41.3,N/A,Lucleon
Gold-Tone Cuff Bracelet,$17.5,N/A,Lucleon
Brushed Gold-Tone Cuff Bracelet,$30.8,N/A,Lucleon
16mm Silver-Tone Stainless Steel Curb Chain Bracelet,$34.3,N/A,Lucleon
18mm Gold-Tone Stainless Steel Curb Chain Bracelet,$38.5,N/A,Lucleon
14mm Gold-Tone Stainless Steel Curb Chain Bracelet,$34.3,N/A,Lucleon
14mm Black Stainless Steel Curb Chain Bracelet,$34.3,N/A,Lucleon
Best of Beaded Bracelets 5-Pack,$135.2,N/A,Lucleon
Lucleon Beaded Bracelet Collection 10-Pack,$223.2,N/A,Lucleon
Impeccable & Black on Black Bracelet 2-Pack,$47.2,N/A,Lucleon
Wrap-around Ebony & Rosewood Bead Bracelet Set,$23.1,N/A,Lucleon
Jax | Gold-Tone Skull Cuff Bracelet,$45.5,N/A,Moody Mason
Jax | Silver-Tone Stainless Steel Skull Cuff Bracelet,$38.5,N/A,Moody Mason
Jax | Grey Stainless Steel Spike Cuff Bracelet,$45.5,N/A,Moody Mason
Jax | Gold-Tone Spike Cuff Bracelet,$45.5,N/A,Moody Mason
Black & Brown Wood Bead & 925 Sterling Silver Bracelet Set,$45.5,N/A,Lucleon
Hematite Bead Bracelet,$11.2,N/A,Fort Tempus
Blue & Red Braided Nylon Lucky Knot Bracelet Set,$15.4,N/A,Waykins
Black Leather & Silver-Tone Steel ID Bracelet,$34.3,N/A,Lucleon
White Natural Stone & Tiger's Eye Bracelet,$34.3,N/A,Arkai
Roas | Black Onyx & Turquoise Bead Bracelet,$34.3,N/A,Arkai
Black Onyx & Tiger's Eye Bracelet,$34.3,N/A,Arkai
Black & White Malachite Bracelet,$34.3,N/A,Arkai
Snowflake Obsidian & Blue Imperial Jasper Bracelet,$34.3,N/A,Arkai
Blue Lapis Lazuli & Red Tiger's Eye Bracelet,$30.8,N/A,Arkai
Black Onyx & European Agate Bracelet,$38.5,N/A,Arkai
Roas | Black Lava Rock & Tiger's Eye Bracelet,$34.3,N/A,Arkai
Roas | Silver-Tone Stainless Steel Bead Bracelet,$59.5,N/A,Arkai
Roas | Black Onyx & Rose Gold-Tone Bracelet,$34.3,N/A,Arkai
Roas | Gold-Tone Bead Bracelet,$59.5,N/A,Arkai
Silver-Tone Stainless Steel Sidegren Cuff Bracelet,$23.1,N/A,Sidegren
Silver-Tone Stainless Steel Cuff Bracelet,$23.1,N/A,Sidegren
Black Stainless Steel Hammer Cuff Bracelet,$21,N/A,Fort Tempus
Gravel | Silver-Tone Curb Chain Bracelet,$34.3,N/A,Lucleon
Wave  | Polished Black & Brown Wooden Bracelet Set,$17.5,N/A,Waykins
Wave  | Blue Lapis Lazuli & Wooden Bracelet,$17.5,N/A,Waykins
Wave  | Green Aventurine & Wooden Bracelet,$17.5,N/A,Waykins
Wave  | Onyx, Quartz & Wooden Bracelet,$17.5,N/A,Waykins
Wave  | Lapis Lazuli, Onyx, Quartz & Wooden Bracelet,$17.5,N/A,Waykins
10mm Silver-Tone Stainless Steel ID Bracelet,$30.8,N/A,Fort Tempus
7mm Silver-Tone Stainless Steel ID Bracelet,$30.8,N/A,Fort Tempus
7mm Gold-Tone Stainless Steel ID Bracelet,$30.8,N/A,Fort Tempus
Black Leather Cord & Gold-Tone Stainless Steel Lion's Head Bracelet,$52.5,N/A,Fort Tempus
Extra Chunky Gold-Tone Stainless Steel Curb Chain Bracelet,$52.5,N/A,Fort Tempus
Chunky Gold-Tone Stainless Steel Curb Chain Bracelet,$48.3,N/A,Fort Tempus
Black Leather & Stainless Steel Skull Bracelet,$48.3,N/A,Fort Tempus
Black Leather Cord & Stainless Steel Skull Bracelet,$38.5,N/A,Fort Tempus
Black Braided Leather Rope Double Bracelet,$34.3,N/A,Fort Tempus
Black Leather & Gold-Tone Anchor Clasp Bracelet,$34.3,N/A,Fort Tempus
Black Leather & Gold-Tone Stainless Steel Coil Bracelet,$52.5,N/A,Fort Tempus
Dark Brown Leather & Cotton Cord Magnetic Bracelet,$34.3,N/A,Fort Tempus
Miro | Black Lava Rock & Brown Agate Bracelet Set,$23.1,N/A,Lucleon
Brown Agate & Black Wooden Bracelet Set,$21,N/A,Lucleon
Dark & Light Leather & Steel Single Strap Bracelet,$30.8,N/A,Lucleon
Light Brown Leather & Steel Single Strap Bracelet,$30.8,N/A,Lucleon
Black Leather & Steel Single Strap Bracelet,$34.3,N/A,Lucleon
Light Brown Leather & Stainless Steel Double Wrap Bracelet,$34.3,N/A,Lucleon
Dark & Light Leather & Stainless Steel Double Wrap Bracelet,$34.3,N/A,Lucleon
Black Leather & Stainless Steel Double Wrap Bracelet,$34.3,N/A,Lucleon
Roy | Dark & Black Double Strap Bracelet,$34.3,N/A,Lucleon
Silver-Tone & Gold-Tone Stainless Steel Bike Chain Bracelet,$69.3,N/A,Fort Tempus
Black Leather & Stainless Steel Curb Chain Dragon Bracelet,$52.5,N/A,Fort Tempus
Black Stainless Steel Skull Chain Bracelet,$38.5,N/A,Fort Tempus
Chunky Black Stainless Steel Bike Chain Bracelet,$52.5,N/A,Fort Tempus
Chunky Gold-Tone Stainless Steel Bike Chain Bracelet,$41.3,N/A,Fort Tempus
Gold-Tone Titanium Link Chain Bracelet,$23.1,N/A,Lucleon
Black Titanium Link Chain Bracelet,$30.8,N/A,Lucleon
Slim Rose Gold-Tone Titanium Link Chain Bracelet,$30.8,N/A,Lucleon
Slim Gold-Tone Titanium Link Chain Bracelet,$30.8,N/A,Lucleon
Wide Raw Brown Leather Cuff Bracelet,$18.9,N/A,Collin Rowe
Black Genuine Buffalo Leather Wrap Bracelet,$30.8,N/A,Salt & Hide
Green Buffalo Leather Wrap Bracelet,$30.8,N/A,Salt & Hide
Navy Blue Leather & Black Stone Bracelet Set,$48.3,N/A,Lucleon
Black Leather & Green-Tone Stone Bracelet Set,$48.3,N/A,Lucleon
Rusty Brown Leather & Matte Black Stone Bracelet Set,$41.3,N/A,Lucleon
Brown Waxed Cotton & Silver Bracelet,$48.3,N/A,Lucleon
Green Waxed Cotton & Silver Bracelet,$48.3,N/A,Lucleon
Mustard Yellow Waxed Cotton & Silver Bracelet,$45.5,N/A,Lucleon
Dark Brown Waxed Cotton & Silver Bracelet,$45.5,N/A,Lucleon
Black Braided Leather Rope & Stainless Steel Skull Bracelet,$30.8,N/A,Fort Tempus
All Black Braided Leather Cord Skull Bracelet,$30.8,N/A,Fort Tempus
Black Lava Rock & Turquoise Buddha Bracelet,$17.5,N/A,Neshraw
White Turquoise & Blue Lapis Lazuli SIlver-Tone Skull Bracelet,$16.8,N/A,Neshraw
"1/3"" (8 mm) White Turquoise and Lapis Lazuli Bracelet,$21,N/A,Neshraw"
Black Lava Rock & Red Agate Palm Bracelet,$17.5,N/A,Neshraw
White Turquoise & Blue Lapis Lazuli Gold-Tone Skull Bracelet,$16.8,N/A,Neshraw
Black Onyx & Red Tiger's Eye Buddha Bracelet,$21,N/A,Neshraw
Black Lava Rock & Tiger's Eye Tibetan Bracelet,$21,N/A,Neshraw
Black Lava Rock & Tiger's Eye Palm Bracelet,$17.5,N/A,Neshraw
Black Lava Rock & Blue Lapis Lazuli Palm Bracelet,$17.5,N/A,Neshraw
Black Lava Rock & Tiger's Eye Buddha Bracelet,$17.5,N/A,Neshraw
Black Lava Rock & White Turquoise Hamsa Bracelet,$17.5,N/A,Neshraw
Black Onyx & Red Tiger's Eye Lion Bracelet,$17.5,N/A,Neshraw
Polished Dark Grey Stainless Steel Bangle Bracelet,$32.2,N/A,Fort Tempus
Black Stainless Steel Cuban Curb Chain Bracelet,$38.5,N/A,Fort Tempus
Silver-Tone Stainless Steel Textured Cuff Bracelet,$30.8,N/A,Fort Tempus
Stainless Steel Snake Pattern Chain Bracelet,$48.3,N/A,Fort Tempus
Silver-Tone Stainless Steel Chain Cuff Bracelet,$30.8,N/A,Fort Tempus
Silver-Tone Stainless Steel Linked Cobra Bracelet,$52.5,N/A,Fort Tempus
Black & Silver-Tone Stainless Steel Shield Chain Bracelet,$48.3,N/A,Fort Tempus
Black Faux Leather Strap Wrap Anchor Bracelet,$17.5,N/A,Tailor Toki
Navy Blue & Gold-Tone Anchor Bracelet,$15.4,N/A,Tailor Toki
Red & Gold-Tone Fish Hook Bracelet,$16.8,N/A,Tailor Toki
Deep Red Faux Leather Anchor Bracelet,$17.5,N/A,Tailor Toki
White & Black Anchor Bracelet,$15.4,N/A,Tailor Toki
Navy Blue & Black Anchor Bracelet,$15.4,N/A,Tailor Toki
Black & Black Anchor Bracelet,$15.4,N/A,Tailor Toki
Wooden Jewellery Stand,$17.6,N/A,Trendhim
